Модель;Цена;Описание;Ссылка на картинку
Swiss Military Hanowa SMWGA2100401;16 400;мужские, швейцарские, кварцевые, 100WR, стекло: сапфировое, D 42мм;IconAndImages/Swiss-military1.jpg
Swiss Military Hanowa 06-4332.04.007;32 500;мужские, швейцарские, кварцевые, 100WR, стекло: сапфировое, D 45мм;IconAndImages/Swiss-military2.jpg
Swiss Military Hanowa 06-5161.2.04.007.04;23 000;мужские, швейцарские, кварцевые, 100WR, стекло: сапфировое, D 42мм;IconAndImages/Swiss-military3.jpg
Swiss Military Hanowa SMWGA2100401;16 400;мужские, швейцарские, кварцевые, 100WR, стекло: сапфировое, D 42мм;IconAndImages/Swiss-military4.jpg
Swiss Military Hanowa 06-5230.7.04.001.30;21 700;мужские, швейцарские, кварцевые, 50WR, стекло: сапфировое, D 39мм;IconAndImages/Swiss-military5.jpg
Swiss Military Hanowa 06-7230.7.02.002;24 900;женские, швейцарские, кварцевые, 50WR, стекло: сапфировое, D 32мм;IconAndImages/Swiss-military6.jpg
Swiss Military Hanowa 06-4230.7.04.003;15 100;мужские, швейцарские, кварцевые, 50WR, стекло: сапфировое, D 39мм;IconAndImages/Swiss-military7.jpg
Swiss Military Hanowa 06-5331.04.003;33 700;мужские, швейцарские, кварцевые, 100WR, стекло: сапфировое, D 42мм;IconAndImages/Swiss-military8.jpg
Swiss Military Hanowa 06-5332.04.003;34 500;мужские, швейцарские, кварцевые, 100WR, стекло: сапфировое, D 45мм;IconAndImages/Swiss-military9.jpg
Swiss Military Hanowa SMWGA2100440;19 300;мужские, швейцарские, кварцевые, 100WR, стекло: сапфировое, D 42мм;IconAndImages/Swiss-military10.jpg
Swiss Military Hanowa SMWGC2100270;41 100;мужские, швейцарские, кварцевые, 100WR, стекло: сапфировое, D 45мм;IconAndImages/Swiss-military11.jpg
Swiss Military Hanowa 06-4346.02.003;23 500;мужские, швейцарские, кварцевые, 100WR, стекло: сапфировое, D 45мм;IconAndImages/Swiss-military12.jpg
Swiss Military Hanowa 06-7339.04.007;23 800;женские, швейцарские, кварцевые, 100WR, стекло: сапфировое, D 36мм;IconAndImages/Swiss-military13.jpg
Swiss Military Hanowa 06-5322.04.006;36 800;мужские, швейцарские, кварцевые, 100WR, стекло: сапфировое, D 45мм, ширина браслета 24мм;IconAndImages/Swiss-military14.jpg
Swiss Military Hanowa 06-5231.7.04.007.10;23 800;мужские, швейцарские, кварцевые, 50WR, стекло: сапфировое, D 39мм;IconAndImages/Swiss-military15.jpg
Swiss Military Hanowa SMWGB2100170;30 800;мужские, швейцарские, кварцевые, 100WR, стекло: сапфировое, D 45мм;IconAndImages/Swiss-military16.jpg
Swiss Military Hanowa 06-4328.13.007;37 200;мужские, швейцарские, кварцевые, 50WR, стекло: минеральное с сапфировым покрытием, D 45мм;IconAndImages/Swiss-military17.jpg
Swiss Military Hanowa 06-3346.04.009;26 000;мужские, швейцарские, кварцевые, 100WR, стекло: сапфировое, D 45мм;IconAndImages/Swiss-military18.jpg
Swiss Military Hanowa 06-4335.04.006;30 800;мужские, швейцарские, кварцевые, 100WR, стекло: сапфировое, D 43мм;IconAndImages/Swiss-military19.jpg
Swiss Military Hanowa 06-4231.7.04.007;22 700;мужские, швейцарские, кварцевые, 50WR, стекло: сапфировое, D 39мм;IconAndImages/Swiss-military20.jpg
Swiss Military Hanowa 06-4323.04.007.04;25 000;мужские, швейцарские, кварцевые, 200WR, стекло: сапфировое, D 45мм, ширина ремешка 24мм;IconAndImages/Swiss-military21.jpg
Swiss Military Hanowa 06-5231.7.04.003;18 700;мужские, швейцарские, кварцевые, 50WR, стекло: сапфировое, D 39мм;IconAndImages/Swiss-military22.jpg
Swiss Military Hanowa 06-6323.04.014;25 000;женские, швейцарские, кварцевые, 200WR, стекло: сапфировое, D 40мм, ширина ремешка 20мм;IconAndImages/Swiss-military23.jpg
Swiss Military Hanowa 06-4335.04.003;30 800;мужские, швейцарские, кварцевые, 100WR, стекло: сапфировое, D 43мм;IconAndImages/Swiss-military24.jpg
Swiss Military Hanowa 06-7339.12.005;26 000;женские, швейцарские, кварцевые, 100WR, стекло: сапфировое, D 36мм;IconAndImages/Swiss-military25.jpg
Swiss Military Hanowa 06-4346.04.007;23 800;мужские, швейцарские, кварцевые, 100WR, стекло: сапфировое, D 45мм;IconAndImages/Swiss-military26.jpg
Swiss Military Hanowa 06-3346.13.007;28 200;мужские, швейцарские, кварцевые, 100WR, стекло: сапфировое, D 45мм;IconAndImages/Swiss-military27.jpg
Swiss Military Hanowa SMWGA2100402;16 400;мужские, швейцарские, кварцевые, 100WR, стекло: сапфировое, D 42мм;IconAndImages/Swiss-military28.jpg
Swiss Military Hanowa 06-3328.30.009;24 400;мужские, швейцарские, кварцевые, 50WR, стекло: минеральное с сапфировым покрытием, D 45мм;IconAndImages/Swiss-military29.jpg
Swiss Military Hanowa 06-5346.04.007;26 000;мужские, швейцарские, кварцевые, 100WR, стекло: сапфировое, D 45мм;IconAndImages/Swiss-military30.jpg
Swiss Military Hanowa SMWGH2100303;25 650;мужские, швейцарские, кварцевые, 100WR, стекло: сапфировое, D 45мм;IconAndImages/Swiss-military31.jpg
Swiss Military Hanowa 06-4231.7.04.009;17 900;мужские, швейцарские, кварцевые, 50WR, стекло: сапфировое, D 39мм;IconAndImages/Swiss-military32.jpg
Swiss Military Hanowa 06-5346.04.003;26 000;мужские, швейцарские, кварцевые, 100WR, стекло: сапфировое, D 45мм;IconAndImages/Swiss-military33.jpg
Swiss Military Hanowa 06-5230.7.04.003;21 700;мужские, швейцарские, кварцевые, 50WR, стекло: сапфировое, D 39мм;IconAndImages/Swiss-military34.jpg
Swiss Military Hanowa SMWGH2100302;25 650;мужские, швейцарские, кварцевые, 100WR, стекло: сапфировое, D 45мм;IconAndImages/Swiss-military35.jpg
Swiss Military Hanowa 06-5161.2.04.007.06;21 500;мужские, швейцарские, кварцевые, 100WR, стекло: сапфировое, D 42мм;IconAndImages/Swiss-military36.jpg
Swiss Military Hanowa SMWGH2100171;39 000;мужские, швейцарские, кварцевые, 100WR, стекло: сапфировое, D 45мм;IconAndImages/Swiss-military37.jpg
Swiss Military Hanowa 06-5346.04.001;27 100;мужские, швейцарские, кварцевые, 100WR, стекло: сапфировое, D 45мм;IconAndImages/Swiss-military38.jpg
Swiss Military Hanowa 06-4322.13.007.14;34 300;мужские, швейцарские, кварцевые, 100WR, стекло: сапфировое, D 45мм;IconAndImages/Swiss-military39.jpg
Swiss Military Hanowa 06-4231.7.04.003;22 700;мужские, швейцарские, кварцевые, 50WR, стекло: сапфировое, D 39мм;IconAndImages/Swiss-military40.jpg
Swiss Military Hanowa SMWGC2100201;41 100;мужские, швейцарские, кварцевые, 100WR, стекло: сапфировое, D 45мм;IconAndImages/Swiss-military41.jpg
Swiss Military Hanowa 06-4324.04.014;33 500;мужские, швейцарские, кварцевые, 200WR, стекло: сапфировое, D 45мм, ширина ремешка 24мм;IconAndImages/Swiss-military42.jpg
Swiss Military Hanowa 06-4345.7.04.007.05;20 600;мужские, швейцарские, кварцевые, 100WR, стекло: сапфировое, D 42мм;IconAndImages/Swiss-military43.jpg
Swiss Military Hanowa 06-5296.04.003;29 300;мужские, швейцарские, кварцевые, 100WR, стекло: сапфировое с антибликовым покрытием, D 44мм;IconAndImages/Swiss-military44.jpg
Swiss Military Hanowa SMWGB2100330;28 700;мужские, швейцарские, кварцевые, 100WR, стекло: сапфировое, D 45мм;IconAndImages/Swiss-military45.jpg
Swiss Military Hanowa 06-4280.7.04.005;16 700;мужские, швейцарские, кварцевые, 50WR, стекло: сапфировое, D 42мм;IconAndImages/Swiss-military46.jpg
Swiss Military Hanowa 06-4332.04.003;32 500;мужские, швейцарские, кварцевые, 100WR, стекло: сапфировое, D 45мм;IconAndImages/Swiss-military47.jpg
Swiss Military Hanowa SMWGB2100130;32 800;мужские, швейцарские, кварцевые, 100WR, стекло: сапфировое, D 45мм;IconAndImages/Swiss-military48.jpg
Swiss Military Hanowa 06-5230.7.04.007;21 700;мужские, швейцарские, кварцевые, 50WR, стекло: сапфировое, D 39мм;IconAndImages/Swiss-military49.jpg
Swiss Military Hanowa 06-4335.04.009;30 800;мужские, швейцарские, кварцевые, 100WR, стекло: сапфировое, D 43мм;IconAndImages/Swiss-military50.jpg
Swiss Military Hanowa 06-4346.04.009;23 800;мужские, швейцарские, кварцевые, 100WR, стекло: сапфировое, D 45мм;IconAndImages/Swiss-military51.jpg
Swiss Military Hanowa 06-4335.04.005;30 800;мужские, швейцарские, кварцевые, 100WR, стекло: сапфировое, D 43мм;IconAndImages/Swiss-military52.jpg
Swiss Military Hanowa 06-5296.02.002;25 300;мужские, швейцарские, кварцевые, 100WR, стекло: сапфировое с антибликовым покрытием, D 44мм;IconAndImages/Swiss-military53.jpg
Swiss Military Hanowa 06-4230.7.04.006;15 100;мужские, швейцарские, кварцевые, 50WR, стекло: сапфировое, D 39мм;IconAndImages/Swiss-military54.jpg
Swiss Military Hanowa SMWGI2100271;45 200;мужские, швейцарские, кварцевые, 100WR, стекло: сапфировое, D 45мм;IconAndImages/Swiss-military55.jpg
Swiss Military Hanowa SMWGI2100202;45 200;мужские, швейцарские, кварцевые, 100WR, стекло: сапфировое, D 45мм;IconAndImages/Swiss-military56.jpg
Swiss Military Hanowa 06-5331.02.002;41 200;мужские, швейцарские, кварцевые, 100WR, стекло: сапфировое, D 42мм;IconAndImages/Swiss-military57.jpg
Swiss Military Hanowa 06-5161.2.04.007.03;23 000;мужские, швейцарские, кварцевые, 100WR, стекло: сапфировое, D 42мм;IconAndImages/Swiss-military58.jpg
Swiss Military Hanowa 06-7230.7.55.001;23 800;женские, швейцарские, кварцевые, 50WR, стекло: сапфировое, D 32мм;IconAndImages/Swiss-military59.jpg
Swiss Military Hanowa 06-4321.13.007.07;32 000;мужские, швейцарские, кварцевые, 100WR, стекло: сапфировое, D 45мм, ширина ремешка 24мм;IconAndImages/Swiss-military60.jpg
Swiss Military Hanowa SMWGH2101006;41 100;мужские, швейцарские, кварцевые, 100WR, стекло: сапфировое, D 42мм;IconAndImages/Swiss-military61.jpg
